Year,Date,State,Site,Transect,PlantID,CommonName,FloweringUnit,Count,Notes
2019,5/28/19,Maryland,Nuetzel,7,Rosa multiflora,multiflora rose,flower cluster,3,
2019,5/28/19,Maryland,Nuetzel,5,Galium mollugo,hedge bedstraw,branch,140,transect partly mowed
2019,5/28/19,Maryland,Nuetzel,5,Rubus allegheniensis,blackberry,flower cluster,3,
2019,5/28/19,Maryland,Nuetzel,5,Achillea millefolium,yarrow,inflorescence,1,
2019,5/28/19,Maryland,Nuetzel,5,Trifolium repens,white clover,flower head,1,
2019,5/28/19,Maryland,Nuetzel,5,Oxalis stricta,oxalis,flower,3,
2019,5/28/19,Maryland,Nuetzel,5,Trifolium pratense,pink clover,flower head,1,
2019,5/28/19,Maryland,Nuetzel,5,Ranunculus bulbosus,buttercup,flower,4,
2019,5/28/19,Maryland,Nuetzel,3,Viburnum dentatum,viburnum,inflorescence,50,
2019,5/28/19,Maryland,Nuetzel,3,Rosa multiflora,multiflora rose,flower cluster,160,
2019,5/28/19,Maryland,Nuetzel,1,Rubus allegheniensis,blackberry,flower cluster,13,
2019,5/28/19,Maryland,Nuetzel,10,Rubus allegheniensis,blackberry,flower cluster,1,
2019,5/28/19,Maryland,Nuetzel,10,Trifolium repens,white clover,flower head,4,
2019,5/28/19,Maryland,Nuetzel,10,Oxalis stricta,oxalis,flower,9,
2019,5/28/19,Maryland,Nuetzel,10,Cerastium arvense,field chickweed,flower,3,have picture
2019,5/28/19,Maryland,Nuetzel,10,NA,NA,flower,1,tiny blue flower. picture too blurry to ID. chance it's Veronica arvensis or similar
2019,5/28/19,Maryland,Nuetzel,9,Rubus allegheniensis,blackberry,flower cluster,200,
2019,5/28/19,Maryland,Nuetzel,2,Rubus allegheniensis,blackberry,flower cluster,50,
2019,5/28/19,Maryland,Nuetzel,2,Viburnum dentatum,viburnum,inflorescence,10,
2019,5/28/19,Maryland,Nuetzel,4,Rubus allegheniensis,blackberry,flower cluster,5,
2019,5/28/19,Maryland,Nuetzel,6,Oxalis stricta,oxalis,flower,2,
2019,5/28/19,Maryland,Nuetzel,6,Potentilla simplex,common cinquefoil,flower,2,"don’t have picture, but assuming it's other cinquefoil species that was seen at the site (simplex)"
2019,5/28/19,Maryland,Nuetzel,6,Rubus allegheniensis,blackberry,flower cluster,100,
2019,5/28/19,Maryland,Nuetzel,6,Viburnum dentatum,viburnum,inflorescence,3,
2019,5/28/19,Maryland,Nuetzel,8,NA,NA,NA,NA,nothing flowering in transect
2019,5/29/19,Maryland,McElwain,2,NA,NA,NA,NA,nothing flowering in transect
2019,5/29/19,Maryland,McElwain,3,NA,NA,NA,NA,nothing flowering in transect
2019,5/29/19,Maryland,McElwain,4,Rubus allegheniensis,blackberry,flower cluster,70,
2019,5/29/19,Maryland,McElwain,4,Rosa multiflora,multiflora rose,flower cluster,50,
2019,5/29/19,Maryland,McElwain,8,NA,NA,NA,NA,nothing flowering in transect
2019,5/29/19,Maryland,McElwain,7,NA,NA,NA,NA,nothing flowering in transect
2019,5/29/19,Maryland,McElwain,6,NA,NA,NA,NA,nothing flowering in transect
2019,5/29/19,Maryland,McElwain,5,NA,NA,NA,NA,nothing flowering in transect
2019,5/29/19,Maryland,McElwain,9,Rubus allegheniensis,blackberry,flower cluster,4,
2019,5/29/19,Maryland,McElwain,9,Rosa multiflora,multiflora rose,flower cluster,3,
2019,5/29/19,Maryland,McElwain,10,Rubus allegheniensis,blackberry,flower cluster,4,
2019,5/31/19,Maryland,Alesia,2,Nasturtium officinale,watercress,flower cluster,70,end wpt 525_1
2019,5/31/19,Maryland,Alesia,4,Rosa multiflora,multiflora rose,flower cluster,2,end wpt 528_1
2019,5/31/19,Maryland,Alesia,4,Nasturtium officinale,watercress,flower cluster,55,
2019,5/31/19,Maryland,Alesia,6,Rosa multiflora,multiflora rose,flower cluster,17,end wpt 529_1
2019,5/31/19,Maryland,Alesia,6,Potentilla canadensis,dwarf cinquefoil,flower,1,
2019,5/31/19,Maryland,Alesia,8,Rosa multiflora,multiflora rose,flower cluster,90,end wpt 530_1
2019,5/31/19,Maryland,Alesia,10,Rosa multiflora,multiflora rose,flower cluster,170,
2019,5/31/19,Maryland,Alesia,9,NA,NA,NA,NA,nothing flowering in transect. end wpt 531_1
2019,5/31/19,Maryland,Alesia,7,Rosa multiflora,multiflora rose,flower cluster,50,may have been more than 50. end wpt 532_1
2019,5/31/19,Maryland,Alesia,7,Ligustrum obtusifolium,border privet,flower cluster,20,
2019,5/31/19,Maryland,Alesia,7,Erigeron annuus,fleabane,flower head,3,
2019,5/31/19,Maryland,Alesia,5,Rosa multiflora,multiflora rose,flower cluster,68,counting ones with yellow middles. end wpt 524_27
2019,5/31/19,Maryland,Alesia,3,NA,NA,NA,NA,end wpt 525_27
2019,5/31/19,Maryland,Alesia,1,Nasturtium officinale,watercress,flower cluster,26,had to move beginning point of transect. new point: 533 on gps 1. end wpt 526_27
2019,6/3/19,Maryland,EdgewoodAPG,1,NA,NA,NA,NA,nothing flowering in transect. end wpt 527_27
2019,6/3/19,Maryland,EdgewoodAPG,2,Achillea millefolium,yarrow,inflorescence,1,end wpt 529_27
2019,6/3/19,Maryland,EdgewoodAPG,2,Lysimachia quadrifolia,whorled loosestrife,flower,7,
2019,6/3/19,Maryland,EdgewoodAPG,3,NA,NA,NA,NA,nothing flowering in transect. end wpt 530_27
2019,6/3/19,Maryland,EdgewoodAPG,4,Utricularia intermedia,bladderwort,flower,38,end wpt 531_27
2019,6/3/19,Maryland,EdgewoodAPG,4,Persicaria setacea,smartweed,inflorescence,2,one of the inflorescences had 5 flowers. not 100% confident on ID
2019,6/3/19,Maryland,EdgewoodAPG,5,Utricularia intermedia,bladderwort,flower,2,end wpt 532_27
2019,6/3/19,Maryland,EdgewoodAPG,6,Penstemon digitalis,foxglove beardtongue,stalk,5,end wpt 533_27
2019,6/3/19,Maryland,EdgewoodAPG,7,Penstemon digitalis,foxglove beardtongue,stalk,1,end wpt 534_1
2019,6/9/19,Maryland,McElwain,10,NA,NA,NA,NA,547_27 is start of transect. end wpt 555_1
2019,6/9/19,Maryland,McElwain,9,NA,NA,NA,NA,end wpt 556_1
2019,6/9/19,Maryland,McElwain,8,NA,NA,NA,NA,end wpt 557_1
2019,6/9/19,Maryland,McElwain,7,NA,NA,NA,NA,end wpt 558_1
2019,6/9/19,Maryland,McElwain,5,NA,NA,NA,NA,end wpt 559_1
2019,6/9/19,Maryland,McElwain,6,NA,NA,NA,NA,end wpt 560_1
2019,6/9/19,Maryland,McElwain,3,NA,NA,NA,NA,end wpt 561_1
2019,6/9/19,Maryland,McElwain,2,Rubus hispidus,swamp dewberry,flower,240,end wpt 563_1
2019,6/9/19,Maryland,McElwain,4,Rubus allegheniensis,blackberry,flower cluster,19,almost every cluster was singular flower. end wpt 564_1
2019,6/11/19,Maryland,SmallAPG,2,Apocynum cannabinum,dogbane,inflorescence,40,end wpt 550_27
2019,6/11/19,Maryland,SmallAPG,2,Solanum carolinense,horsenettle,flower,5,
2019,6/11/19,Maryland,SmallAPG,1,Penstemon digitalis,foxglove beardtongue,stalk,3,end wpt 551_27
2019,6/11/19,Maryland,SmallAPG,1,Trifolium repens,white clover,flower head,2,
2019,6/11/19,Maryland,Nuetzel,8,NA,NA,NA,NA,end wpt 567_1
2019,6/11/19,Maryland,Nuetzel,6,Rubus allegheniensis,blackberry,flower cluster,14,end wpt 568_1
2019,6/11/19,Maryland,Nuetzel,6,Erigeron annuus,fleabane,flower head,1,
2019,6/11/19,Maryland,Nuetzel,4,Rubus allegheniensis,blackberry,flower cluster,4,end wpt 569_1
2019,6/11/19,Maryland,Nuetzel,2,Rubus allegheniensis,blackberry,flower cluster,25,end wpt 570_1
2019,6/11/19,Maryland,Nuetzel,9,Rubus allegheniensis,blackberry,flower cluster,55,end wpt 571_1
2019,6/11/19,Maryland,Nuetzel,10,Triodanis perfoliata,bellflower,flower,3,"in picture, flower looks half open. end wpt 572_1"
2019,6/11/19,Maryland,Nuetzel,10,Trifolium repens,white clover,flower head,1,
2019,6/11/19,Maryland,Nuetzel,10,Oxalis stricta,oxalis,flower,10,
2019,6/11/19,Maryland,Nuetzel,1,Rubus allegheniensis,blackberry,flower cluster,10,end wpt 573_1
2019,6/11/19,Maryland,Nuetzel,3,Lonicera japonica,honeysuckle,branch,5,end wpt 574_1
2019,6/11/19,Maryland,Nuetzel,5,Galium mollugo,hedge bedstraw,branch,150,end wpt 579_1
2019,6/11/19,Maryland,Nuetzel,5,Achillea millefolium,yarrow,inflorescence,8,
2019,6/11/19,Maryland,Nuetzel,5,Erigeron annuus,fleabane,flower head,32,
2019,6/11/19,Maryland,Nuetzel,5,Trifolium pratense,pink clover,flower head,2,
2019,6/11/19,Maryland,Nuetzel,7,NA,NA,NA,NA,end wpt 575_1
2019,6/12/19,Maryland,Alesia,2,NA,NA,NA,NA,end of transect is a little outside of site
2019,6/12/19,Maryland,Alesia,4,Nasturtium officinale,watercress,flower cluster,6,
2019,6/12/19,Maryland,Alesia,4,Lonicera japonica,honeysuckle,branch,6,
2019,6/12/19,Maryland,Alesia,6,Lonicera japonica,honeysuckle,branch,1,
2019,6/12/19,Maryland,Alesia,8,Persicaria sagittata,tearthumb,flower,3,
2019,6/12/19,Maryland,Alesia,10,Lonicera japonica,honeysuckle,branch,30,end wpt 581_1
2019,6/12/19,Maryland,Alesia,10,Persicaria sagittata,tearthumb,flower,1,
2019,6/12/19,Maryland,Alesia,9,Persicaria sagittata,tearthumb,flower,1,
2019,6/12/19,Maryland,Alesia,7,Lonicera japonica,honeysuckle,branch,9,added flagging tape at end of transect
2019,6/12/19,Maryland,Alesia,7,Ligustrum obtusifolium,border privet,flower cluster,71,
2019,6/12/19,Maryland,Alesia,5,Persicaria sagittata,tearthumb,flower,1,
2019,6/12/19,Maryland,Alesia,3,NA,NA,NA,NA,
2019,6/12/19,Maryland,Alesia,1,Lysimachia nummularia,creeping jenny,flower,12,
2019,6/18/19,Maryland,EdgewoodAPG,1,Scutellaria integrifolia,helmet flower,flower,15,
2019,6/18/19,Maryland,EdgewoodAPG,2,Oxalis stricta,oxalis,flower,2,
2019,6/18/19,Maryland,EdgewoodAPG,2,Achillea millefolium,yarrow,inflorescence,7,
2019,6/18/19,Maryland,EdgewoodAPG,3,Utricularia intermedia,bladderwort,flower,6,
2019,6/18/19,Maryland,EdgewoodAPG,3,Galium trifidum,small bedstraw,branch,45,"3 or 4 petalled species. a little hard to count leaves in picture, seems like leaves mostly in 4s, with one 6. probably trifidum??"
2019,6/18/19,Maryland,EdgewoodAPG,4,Utricularia intermedia,bladderwort,flower,1,
2019,6/18/19,Maryland,EdgewoodAPG,4,Galium trifidum,small bedstraw,branch,28,"3 or 4 petalled species. a little hard to count leaves in picture, seems like leaves mostly in 4s, with one 6. probably trifidum??"
2019,6/18/19,Maryland,EdgewoodAPG,5,Galium trifidum,small bedstraw,branch,15,"3 or 4 petalled species. a little hard to count leaves in picture, seems like leaves mostly in 4s, with one 6. probably trifidum??"
2019,6/18/19,Maryland,EdgewoodAPG,6,Scutellaria integrifolia,helmet flower,flower,4,
2019,6/18/19,Maryland,EdgewoodAPG,7,Scutellaria integrifolia,helmet flower,flower,1,
2019,6/18/19,Maryland,SmallAPG,2,Solanum carolinense,horsenettle,flower,15,
2019,6/18/19,Maryland,SmallAPG,2,Apocynum cannabinum,dogbane,inflorescence,17,
2019,6/18/19,Maryland,SmallAPG,1,Penstemon digitalis,foxglove beardtongue,stalk,1,on very edge of transect
2019,6/24/19,Maryland,McElwain,10,NA,NA,NA,NA,
2019,6/24/19,Maryland,McElwain,9,Rubus allegheniensis,blackberry,flower cluster,1,
2019,6/24/19,Maryland,McElwain,8,Sambucus nigra,elderberry,inflorescence,3,
2019,6/24/19,Maryland,McElwain,7,Galium trifidum,small bedstraw,branch,68,"3 petal species. leaves mostly in 4s in picture, some 5s. probably trifidum?"
2019,6/24/19,Maryland,McElwain,7,Sambucus nigra,elderberry,inflorescence,3,
2019,6/24/19,Maryland,McElwain,5,NA,NA,NA,NA,
2019,6/24/19,Maryland,McElwain,6,Galium trifidum,small bedstraw,branch,25,"3 petal species. leaves mostly in 4s in picture, some 5s. probably trifidum?"
2019,6/24/19,Maryland,McElwain,3,NA,NA,NA,NA,
2019,6/24/19,Maryland,McElwain,2,Sagittaria latifolia,arrowhead,flower,5,
2019,6/24/19,Maryland,McElwain,2,Rubus hispidus,swamp dewberry,flower,6,
2019,6/24/19,Maryland,McElwain,4,NA,NA,NA,NA,most of flag 30 fell off of pole
2019,6/25/19,Maryland,Alesia,2,Persicaria sagittata,tearthumb,flower,4,
2019,6/25/19,Maryland,Alesia,4,NA,NA,NA,NA,
2019,6/25/19,Maryland,Alesia,6,NA,NA,NA,NA,
2019,6/25/19,Maryland,Alesia,8,NA,NA,NA,NA,
2019,6/25/19,Maryland,Alesia,10,Persicaria sagittata,tearthumb,flower,11,
2019,6/25/19,Maryland,Alesia,9,Persicaria sagittata,tearthumb,flower,8,
2019,6/25/19,Maryland,Alesia,9,Sagittaria latifolia,arrowhead,flower,3,
2019,6/25/19,Maryland,Alesia,7,Geum canadense,white avens,flower,2,
2019,6/25/19,Maryland,Alesia,5,Geum canadense,white avens,flower,2,
2019,6/25/19,Maryland,Alesia,3,Persicaria sagittata,tearthumb,flower,4,
2019,6/25/19,Maryland,Alesia,1,NA,NA,NA,NA,
2019,6/27/19,Maryland,Nuetzel,8,Campanula aparinoides,marsh bellflower,flower,2,
2019,6/27/19,Maryland,Nuetzel,8,Galium trifidum,small bedstraw,branch,13,"picture isn't good. Think it has 3 petals and 4 leaves in picture, so probably trifidum"
2019,6/27/19,Maryland,Nuetzel,6,Erigeron annuus,fleabane,flower head,8,
2019,6/27/19,Maryland,Nuetzel,4,Rosa palustris,swamp rose,flower,4,
2019,6/27/19,Maryland,Nuetzel,2,NA,NA,NA,NA,
2019,6/27/19,Maryland,Nuetzel,9,Rubus allegheniensis,blackberry,flower cluster,3,
2019,6/27/19,Maryland,Nuetzel,10,Dianthus armeria,deptford pink,flower,12,
2019,6/27/19,Maryland,Nuetzel,10,Oxalis stricta,oxalis,flower,8,
2019,6/27/19,Maryland,Nuetzel,1,Asclepias syriaca,common milkweed,inflorescence,1,
2019,6/27/19,Maryland,Nuetzel,3,NA,NA,NA,NA,
2019,6/27/19,Maryland,Nuetzel,5,Galium mollugo,hedge bedstraw,branch,181,
2019,6/27/19,Maryland,Nuetzel,5,Achillea millefolium,yarrow,inflorescence,5,
2019,6/27/19,Maryland,Nuetzel,5,Erigeron annuus,fleabane,flower head,56,
2019,6/27/19,Maryland,Nuetzel,5,Rubus allegheniensis,blackberry,flower cluster,2,
2019,6/27/19,Maryland,Nuetzel,5,Trifolium pratense,pink clover,flower head,2,
2019,6/27/19,Maryland,Nuetzel,5,Oxalis stricta,oxalis,flower,3,
2019,6/27/19,Maryland,Nuetzel,7,NA,NA,NA,NA,
2019,7/1/19,Maryland,EdgewoodAPG,1,Pycnanthemum muticum,short toothed mountain mint,head,234,most mountain mint heads had one or two flowers open
2019,7/1/19,Maryland,EdgewoodAPG,1,Pycnanthemum virginianum,virginia mountain mint,head,32,most mountain mint heads had one or two flowers open
2019,7/1/19,Maryland,EdgewoodAPG,1,Pycnanthemum tenuifolium,narrow leaved mountain mint,head,221,most mountain mint heads had one or two flowers open
2019,7/1/19,Maryland,EdgewoodAPG,1,Dioscorea villosa,wild yam,inflorescence,3,
2019,7/1/19,Maryland,EdgewoodAPG,2,Satureja vulgaris,wild basil,flower,2,
2019,7/1/19,Maryland,EdgewoodAPG,2,Achillea millefolium,yarrow,inflorescence,6,
2019,7/1/19,Maryland,EdgewoodAPG,2,Pycnanthemum tenuifolium,narrow leaved mountain mint,head,26,most mountain mint heads had one or two flowers open
2019,7/1/19,Maryland,EdgewoodAPG,3,Rhexia mariana,maryland meadow beauty,flower,1,
2019,7/1/19,Maryland,EdgewoodAPG,3,Utricularia intermedia,bladderwort,flower,25,plants kind of dried up. have picture. assuming same bladderwort species as before
2019,7/1/19,Maryland,EdgewoodAPG,4,NA,NA,NA,NA,
2019,7/1/19,Maryland,EdgewoodAPG,5,NA,NA,NA,NA,
2019,7/1/19,Maryland,EdgewoodAPG,6,NA,NA,NA,NA,
2019,7/1/19,Maryland,EdgewoodAPG,7,Pycnanthemum muticum,short toothed mountain mint,head,61,most mountain mint heads had one or two flowers open
2019,7/1/19,Maryland,SmallAPG,2,Solanum carolinense,horsenettle,flower,19,
2019,7/1/19,Maryland,SmallAPG,2,Pycnanthemum muticum,short toothed mountain mint,head,18,most mountain mint heads had one or two flowers open
2019,7/1/19,Maryland,SmallAPG,1,Pycnanthemum muticum,short toothed mountain mint,head,2,most mountain mint heads had one or two flowers open
2019,7/1/19,Maryland,SmallAPG,1,Alisma subcordatum,small water plantain,flower,77,all flowers on one plant
2019,7/1/19,Maryland,SmallAPG,1,Persicaria sagittata,tearthumb,flower,1,
2019,7/9/19,Maryland,McElwain,10,NA,NA,NA,NA,
2019,7/9/19,Maryland,McElwain,9,NA,NA,NA,NA,
2019,7/9/19,Maryland,McElwain,8,Sambucus nigra,elderberry,inflorescence,1,had a couple of flowers left open
2019,7/9/19,Maryland,McElwain,7,Sagittaria latifolia,arrowhead,flower,2,
2019,7/9/19,Maryland,McElwain,5,NA,NA,NA,NA,
2019,7/9/19,Maryland,McElwain,6,NA,NA,NA,NA,
2019,7/9/19,Maryland,McElwain,3,Sagittaria latifolia,arrowhead,flower,42,
2019,7/9/19,Maryland,McElwain,2,Sagittaria latifolia,arrowhead,flower,6,
2019,7/9/19,Maryland,McElwain,4,Sagittaria latifolia,arrowhead,flower,6,
2019,7/10/19,Maryland,Alesia,2,Mimulus ringens,monkey flower,flower,1,
2019,7/10/19,Maryland,Alesia,2,Persicaria sagittata,tearthumb,flower,2,
2019,7/10/19,Maryland,Alesia,2,Galium tinctorium,claytons bedstraw,branch,3,3 petal species. leaves in 4s or 5s in picture. probably tinctorium?
2019,7/10/19,Maryland,Alesia,4,Persicaria sagittata,tearthumb,flower,3,
2019,7/10/19,Maryland,Alesia,6,Galium triflorum,sweet scented bedstraw,branch,52,two plants. used picture for ID
2019,7/10/19,Maryland,Alesia,8,NA,NA,NA,NA,
2019,7/10/19,Maryland,Alesia,10,Symphyotrichum novi belgii,new york aster,flower head,1,looks a little past
2019,7/10/19,Maryland,Alesia,10,Persicaria sagittata,tearthumb,flower,1,
2019,7/10/19,Maryland,Alesia,9,Sagittaria latifolia,arrowhead,flower,8,
2019,7/10/19,Maryland,Alesia,9,Persicaria sagittata,tearthumb,flower,13,
2019,7/10/19,Maryland,Alesia,7,Teucrium canadense,germander,stalk,5,"spike of flowers. counted one unit, had around 90 flowers and buds"
2019,7/10/19,Maryland,Alesia,7,Impatiens capensis,jewelweed,flower,1,
2019,7/10/19,Maryland,Alesia,1,Galium asprellum,rough bedstraw,branch,52,"sticky stem, 4 petals, 6 leaves. used picture for ID. transects 1, 3, and 5 done on 7/11 instead of 7/10"
2019,7/10/19,Maryland,Alesia,3,Sagittaria latifolia,arrowhead,flower,2,"transects 1, 3, and 5 done on 7/11 instead of 7/10"
2019,7/10/19,Maryland,Alesia,5,NA,NA,NA,NA,"transects 1, 3, and 5 done on 7/11 instead of 7/10"
2019,7/11/19,Maryland,Nuetzel,8,Pycnanthemum muticum,short toothed mountain mint,head,32,
2019,7/11/19,Maryland,Nuetzel,8,Rosa palustris,swamp rose,flower,4,
2019,7/11/19,Maryland,Nuetzel,8,Persicaria sagittata,tearthumb,flower,3,
2019,7/11/19,Maryland,Nuetzel,8,Verbena hastata,blue vervain,inflorescence,2,counting a spike of flowers as a unit
2019,7/11/19,Maryland,Nuetzel,8,Sagittaria latifolia,arrowhead,flower,2,
2019,7/11/19,Maryland,Nuetzel,8,Campanula aparinoides,marsh bellflower,flower,43,
2019,7/11/19,Maryland,Nuetzel,8,Galium trifidum,small bedstraw,branch,24,3 petals and 4 leaves. no picture
2019,7/11/19,Maryland,Nuetzel,6,Persicaria sagittata,tearthumb,flower,2,
2019,7/11/19,Maryland,Nuetzel,6,Impatiens capensis,jewelweed,flower,2,
2019,7/11/19,Maryland,Nuetzel,6,Erigeron annuus,fleabane,flower head,9,
2019,7/11/19,Maryland,Nuetzel,4,Impatiens capensis,jewelweed,flower,3,
2019,7/11/19,Maryland,Nuetzel,4,Rosa palustris,swamp rose,flower,2,
2019,7/11/19,Maryland,Nuetzel,4,Apios americana,groundnut,flower,6,
2019,7/11/19,Maryland,Nuetzel,4,Pycnanthemum muticum,short toothed mountain mint,head,11,
2019,7/11/19,Maryland,Nuetzel,2,Pycnanthemum muticum,short toothed mountain mint,head,56,
2019,7/11/19,Maryland,Nuetzel,9,Persicaria sagittata,tearthumb,flower,10,
2019,7/11/19,Maryland,Nuetzel,9,Solidago canadensis,canada goldenrod,inflorescence,3,not 100% positive on ID
2019,7/11/19,Maryland,Nuetzel,10,Achillea millefolium,yarrow,inflorescence,4,
2019,7/11/19,Maryland,Nuetzel,10,Oxalis stricta,oxalis,flower,1,
2019,7/11/19,Maryland,Nuetzel,1,NA,NA,NA,NA,
2019,7/11/19,Maryland,Nuetzel,3,Oxalis stricta,oxalis,flower,4,
2019,7/11/19,Maryland,Nuetzel,5,Galium mollugo,hedge bedstraw,branch,48,a lot were past blooming
2019,7/11/19,Maryland,Nuetzel,5,Achillea millefolium,yarrow,inflorescence,2,
2019,7/11/19,Maryland,Nuetzel,5,Erigeron annuus,fleabane,flower head,116,
2019,7/11/19,Maryland,Nuetzel,5,Oxalis stricta,oxalis,flower,2,
2019,7/11/19,Maryland,Nuetzel,5,Daucus carota,queen annes lace,inflorescence,4,
2019,7/11/19,Maryland,Nuetzel,7,Pycnanthemum muticum,short toothed mountain mint,head,37,
2019,7/11/19,Maryland,Nuetzel,7,Asclepias incarnata,swamp milkweed,inflorescence,8,
2019,7/11/19,Maryland,Nuetzel,7,Sagittaria latifolia,arrowhead,flower,15,
2019,7/15/19,Maryland,EdgewoodAPG,1,Pycnanthemum virginianum,virginia mountain mint,head,41,more flower open per unit than last time for all mountain mint
2019,7/15/19,Maryland,EdgewoodAPG,1,Pycnanthemum tenuifolium,narrow leaved mountain mint,head,9803,more flower open per unit than last time for all mountain mint. 6200 of the units were counted by estimating groups of 100
2019,7/15/19,Maryland,EdgewoodAPG,1,Pycnanthemum muticum,short toothed mountain mint,head,179,more flower open per unit than last time for all mountain mint
2019,7/15/19,Maryland,EdgewoodAPG,1,Hypericum sp,st johns wort sp,flower,4,spots on flower. see picture. maybe hypericum puntatum.
2019,7/15/19,Maryland,EdgewoodAPG,2,Satureja vulgaris,wild basil,flower,6,
2019,7/15/19,Maryland,EdgewoodAPG,2,Achillea millefolium,yarrow,inflorescence,3,
2019,7/15/19,Maryland,EdgewoodAPG,2,Pycnanthemum tenuifolium,narrow leaved mountain mint,head,44,
2019,7/15/19,Maryland,EdgewoodAPG,3,Rhexia mariana,maryland meadow beauty,flower,28,
2019,7/15/19,Maryland,EdgewoodAPG,4,Alisma subcordatum,small water plantain,flower,31,
2019,7/15/19,Maryland,EdgewoodAPG,5,Galium trifidum,small bedstraw,branch,3,3 petals and 4 leaves. no picture
2019,7/15/19,Maryland,EdgewoodAPG,6,Pycnanthemum muticum,short toothed mountain mint,head,3,
2019,7/15/19,Maryland,EdgewoodAPG,6,Pycnanthemum tenuifolium,narrow leaved mountain mint,head,143,
2019,7/15/19,Maryland,EdgewoodAPG,7,Pycnanthemum muticum,short toothed mountain mint,head,166,
2019,7/15/19,Maryland,SmallAPG,2,Pycnanthemum muticum,short toothed mountain mint,head,12,
2019,7/15/19,Maryland,SmallAPG,2,Solanum carolinense,horsenettle,flower,13,
2019,7/15/19,Maryland,SmallAPG,1,Hypericum sp,st johns wort sp,flower,81,"see picture. maybe two species at site, not sure which is in transect"
2019,7/15/19,Maryland,SmallAPG,1,Pycnanthemum muticum,short toothed mountain mint,head,12,
2019,7/15/19,Maryland,SmallAPG,1,Alisma subcordatum,small water plantain,flower,1,
2019,6/10/19,Massachusetts,Upton,2,Potentilla simplex,common cinquefoil,flower ,53,43 degrees for transect direction
2019,6/10/19,Massachusetts,Upton,2,Houstonia caerulea,azure bluet,flower,49,
2019,6/10/19,Massachusetts,Upton,2,Oxalis stricta,oxalis,flower,27,
2019,6/10/19,Massachusetts,Upton,2,Galium mollugo,hedge bedstraw,branch off the main stem,1071,
2019,6/10/19,Massachusetts,Upton,2,Trifolium pratense,pink clover,head,7,
2019,6/10/19,Massachusetts,Upton,2,Trifolium repens,white clover,head,4,
2019,6/10/19,Massachusetts,Upton,2,Rubus argutus,sawtooth blackberry,inflorescence,1,
2019,6/10/19,Massachusetts,Upton,3,Trifolium pratense,pink clover,head,46,263 degrees for transect direction
2019,6/10/19,Massachusetts,Upton,3,Potentilla simplex,common cinquefoil,flower,1,
2019,6/10/19,Massachusetts,Upton,3,Galium mollugo,hedge bedstraw,branch off the main stem,1399,
2019,6/10/19,Massachusetts,Upton,3,Stellaria graminea,chickweed,flower,6,
2019,6/10/19,Massachusetts,Upton,3,Rosa multiflora,multiflora rose,inflorescence,18,
2019,6/10/19,Massachusetts,Upton,3,Trifolium repens,white clover,head,6,
2019,6/12/19,Massachusetts,Upton,1,Potentilla simplex,common cinquefoil,flower,88,250 degrees for transect direction
2019,6/12/19,Massachusetts,Upton,1,Houstonia caerulea,azure bluet,flower,3,
2019,6/12/19,Massachusetts,Upton,1,Geranium maculatum,spotted geranium,flower,5,
2019,6/12/19,Massachusetts,Upton,1,Trifolium pratense,pink clover,head,49,
2019,6/12/19,Massachusetts,Upton,1,Galium mollugo,hedge bedstraw,branch off the main stem,3397,
2019,6/12/19,Massachusetts,Upton,4,Stellaria graminea,chickweed,flower,1,7 degrees for transect direction
2019,6/12/19,Massachusetts,Upton,4,Potentilla simplex,common cinquefoil,flower,10,
2019,6/12/19,Massachusetts,Upton,4,Trifolium pratense,pink clover,head,90,
2019,6/12/19,Massachusetts,Upton,4,Rubus argutus,sawtooth blackberry,inflorescence,11,
2019,6/12/19,Massachusetts,Upton,4,Pilosella caespitosa,hawkweed,flower,9,
2019,6/12/19,Massachusetts,Upton,4,Achillea millefolium,yarrow,head,1,
2019,6/12/19,Massachusetts,Upton,4,Galium mollugo,hedge bedstraw,branch off the main stem,1911,
2019,6/12/19,Massachusetts,Upton,5,Trifolium repens,white clover,head,12,70 degrees for transect direction
2019,6/12/19,Massachusetts,Upton,5,Rubus argutus,sawtooth blackberry,inflorescence,25,
2019,6/12/19,Massachusetts,Upton,5,Trifolium pratense,pink clover,head,3,
2019,6/12/19,Massachusetts,Upton,5,Potentilla simplex,common cinquefoil,flower,43,
2019,6/12/19,Massachusetts,Upton,5,Galium mollugo,hedge bedstraw,branch off the main stem,2331,
2019,6/12/19,Massachusetts,Upton,6,Rubus argutus,sawtooth blackberry,inflorescence,5,16 degrees for transect direction
2019,6/12/19,Massachusetts,Upton,6,Trifolium repens,white clover,head,40,
2019,6/12/19,Massachusetts,Upton,6,Trifolium pratense,pink clover,head,30,
2019,6/12/19,Massachusetts,Upton,6,Potentilla simplex,common cinquefoil,flower,6,
2019,6/12/19,Massachusetts,Upton,6,Pilosella caespitosa,hawkweed,flower,1,
2019,6/12/19,Massachusetts,Upton,6,Galium mollugo,hedge bedstraw,branch off the main stem,1012,
2019,6/12/19,Massachusetts,Upton,8,Potentilla simplex,common cinquefoil,flower,254,190 degrees for transect direction
2019,6/12/19,Massachusetts,Upton,8,Trifolium pratense,pink clover,head,96,
2019,6/12/19,Massachusetts,Upton,8,Pilosella caespitosa,hawkweed,flower,5,
2019,6/12/19,Massachusetts,Upton,8,Trifolium repens,white clover,head,5,
2019,6/12/19,Massachusetts,Upton,8,Leucanthemum vulgare,oxeye daisy,head,5,
2019,6/12/19,Massachusetts,Upton,8,Galium mollugo,hedge bedstraw,branch off the main stem,2074,
2019,6/12/19,Massachusetts,Upton,10,Potentilla simplex,common cinquefoil,flower,61,267 degrees for transect direction
2019,6/12/19,Massachusetts,Upton,10,Geranium maculatum,spotted geranium,flower,2,
2019,6/12/19,Massachusetts,Upton,10,Trifolium repens,white clover,head,11,
2019,6/12/19,Massachusetts,Upton,10,Houstonia caerulea,azure bluet,flower,5,
2019,6/12/19,Massachusetts,Upton,10,Trifolium pratense,pink clover,head,2,
2019,6/12/19,Massachusetts,Upton,10,Galium mollugo,hedge bedstraw,branch off the main stem,242,
2019,6/12/19,Massachusetts,Upton,9,Potentilla simplex,common cinquefoil,flower,116,252 degrees for transect direction
2019,6/12/19,Massachusetts,Upton,9,Trifolium pratense,pink clover,head,37,
2019,6/12/19,Massachusetts,Upton,9,Erigeron annuus,fleabane,head,3,
2019,6/12/19,Massachusetts,Upton,9,Trifolium repens,white clover,head,4,
2019,6/12/19,Massachusetts,Upton,9,NA,NA,NA,5,unknown yellow
2019,6/12/19,Massachusetts,Upton,9,Rubus argutus,sawtooth blackberry,inflorescence,4,
2019,6/12/19,Massachusetts,Upton,9,Pilosella caespitosa,hawkweed,flower,8,
2019,6/12/19,Massachusetts,Upton,9,Galium mollugo,hedge bedstraw,branch off the main stem,1333,
2019,6/12/19,Massachusetts,Upton,7,Potentilla simplex,common cinquefoil,flower,32,320 degrees for transect direction
2019,6/12/19,Massachusetts,Upton,7,Trifolium repens,white clover,head,7,
2019,6/12/19,Massachusetts,Upton,7,Erigeron annuus,fleabane,head,1,
2019,6/12/19,Massachusetts,Upton,7,Rubus argutus,sawtooth blackberry,inflorescence,4,
2019,6/12/19,Massachusetts,Upton,7,Galium mollugo,hedge bedstraw,branch off the main stem,2352,
2019,6/17/19,Massachusetts,Harvard,1,Vicia cracca,tufted vetch,raceme,57,329 degrees for transect direction
2019,6/17/19,Massachusetts,Harvard,1,Trifolium pratense,pink clover,head,2,
2019,6/17/19,Massachusetts,Harvard,1,Rosa multiflora,multiflora rose,inflorescence,100,
2019,6/17/19,Massachusetts,Harvard,1,Ranunculus sp,buttercup sp,flower,5,
2019,6/17/19,Massachusetts,Harvard,1,Potentilla simplex,common cinquefoil,flower,42,
2019,6/17/19,Massachusetts,Harvard,1,Stellaria graminea,chickweed,flower,2,
2019,6/17/19,Massachusetts,Harvard,1,Geranium maculatum,spotted geranium,flower,3,
2019,6/17/19,Massachusetts,Harvard,1,Galium mollugo,hedge bedstraw,branch off the main stem,1951,
2019,6/17/19,Massachusetts,Harvard,1,Rhinanthus minor,yellow rattle,flower,10,
2019,6/17/19,Massachusetts,Harvard,2,Potentilla simplex,common cinquefoil,flower,5,129 degrees for transect direction
2019,6/17/19,Massachusetts,Harvard,2,Ranunculus sp,buttercup sp,flower,63,
2019,6/17/19,Massachusetts,Harvard,2,Stellaria graminea,chickweed,flower,13,
2019,6/17/19,Massachusetts,Harvard,2,Vicia cracca,tufted vetch,raceme,6,
2019,6/17/19,Massachusetts,Harvard,2,Rosa multiflora,multiflora rose,inflorescence,79,
2019,6/17/19,Massachusetts,Harvard,2,Oxalis stricta,oxalis,flower,7,
2019,6/17/19,Massachusetts,Harvard,2,Galium mollugo,hedge bedstraw,branch off the main stem,1197,
2019,6/18/19,Massachusetts,Harvard,3,Ranunculus sp,buttercup sp,flower,19,121 degrees for transect direction
2019,6/18/19,Massachusetts,Harvard,3,Stellaria graminea,chickweed,flower,4,
2019,6/18/19,Massachusetts,Harvard,3,Galium mollugo,hedge bedstraw,branch off the main stem,170,
2019,6/18/19,Massachusetts,Harvard,4,Rhinanthus minor,yellow rattle,flower,122,328 degrees for transect direction
2019,6/18/19,Massachusetts,Harvard,4,Vicia cracca,tufted vetch,raceme,21,
2019,6/18/19,Massachusetts,Harvard,4,Stellaria graminea,chickweed,flower,17,
2019,6/18/19,Massachusetts,Harvard,4,Ranunculus sp,buttercup sp,flower,62,
2019,6/18/19,Massachusetts,Harvard,4,Trifolium pratense,pink clover,head,49,
2019,6/18/19,Massachusetts,Harvard,4,Galium mollugo,hedge bedstraw,branch off the main stem,10,
2019,6/18/19,Massachusetts,Harvard,4,Potentilla simplex,common cinquefoil,flower,37,
2019,6/18/19,Massachusetts,Harvard,5,Potentilla simplex,common cinquefoil,flower,28,104 degrees for transect direction
2019,6/18/19,Massachusetts,Harvard,5,Stellaria graminea,chickweed,flower,23,
2019,6/18/19,Massachusetts,Harvard,5,Rhinanthus minor,yellow rattle,flower,1443,
2019,6/18/19,Massachusetts,Harvard,5,Rubus argutus,sawtooth blackberry,inflorescence,5,
2019,6/18/19,Massachusetts,Harvard,5,Trifolium pratense,pink clover,head,15,
2019,6/18/19,Massachusetts,Harvard,5,Galium mollugo,hedge bedstraw,branch off the main stem,190,
2019,6/18/19,Massachusetts,Harvard,5,Sisyrinchium atlanticum,eastern blue eyed grass,flower,1,
2019,6/18/19,Massachusetts,Harvard,5,Pilosella caespitosa,hawkweed,flower,4,
2019,6/18/19,Massachusetts,Harvard,5,Leucanthemum vulgare,oxeye daisy,head,7,
2019,6/19/19,Massachusetts,Harvard,6,Rhinanthus minor,yellow rattle,flower,18,5 degrees for transect direction
2019,6/19/19,Massachusetts,Harvard,6,Stellaria graminea,chickweed,flower,65,
2019,6/19/19,Massachusetts,Harvard,6,Vicia cracca,tufted vetch,raceme,8,
2019,6/19/19,Massachusetts,Harvard,6,Potentilla recta,sulphur cinquefoil,flower,1,
2019,6/19/19,Massachusetts,Harvard,6,Galium mollugo,hedge bedstraw,branch off the main stem,1635,
2019,6/19/19,Massachusetts,Harvard,7,Vicia cracca,tufted vetch,raceme,34,20 degrees for transect direction
2019,6/19/19,Massachusetts,Harvard,7,Stellaria graminea,chickweed,flower,10,
2019,6/19/19,Massachusetts,Harvard,7,Rosa multiflora,multiflora rose,inflorescence,65,
2019,6/19/19,Massachusetts,Harvard,7,Oxalis stricta,oxalis,flower,2,
2019,6/19/19,Massachusetts,Harvard,7,Potentilla recta,sulphur cinquefoil,flower,1,
2019,6/19/19,Massachusetts,Harvard,7,Galium mollugo,hedge bedstraw,branch off the main stem,3789,
2019,6/19/19,Massachusetts,Harvard,8,Oxalis stricta,oxalis,flower,10,163 degrees for transect direction
2019,6/19/19,Massachusetts,Harvard,8,Stellaria graminea,chickweed,flower,24,
2019,6/19/19,Massachusetts,Harvard,8,Vicia cracca,tufted vetch,raceme,25,
2019,6/19/19,Massachusetts,Harvard,8,Rosa multiflora,multiflora rose,inflorescence,14,
2019,6/19/19,Massachusetts,Harvard,8,Rhinanthus minor,yellow rattle,flower,15,
2019,6/19/19,Massachusetts,Harvard,8,Pilosella caespitosa,hawkweed,flower,18,
2019,6/19/19,Massachusetts,Harvard,8,Potentilla simplex,common cinquefoil,flower,22,
2019,6/19/19,Massachusetts,Harvard,8,Galium mollugo,hedge bedstraw,branch off the main stem,2029,
2019,6/19/19,Massachusetts,Harvard,9,Vicia cracca,tufted vetch,raceme,4,354 degrees for transect direction
2019,6/19/19,Massachusetts,Harvard,9,Potentilla simplex,common cinquefoil,flower,3,
2019,6/19/19,Massachusetts,Harvard,9,Ranunculus sp,buttercup sp,flower,3,
2019,6/19/19,Massachusetts,Harvard,9,Rosa multiflora,multiflora rose,inflorescence,36,
2019,6/19/19,Massachusetts,Harvard,9,Rhinanthus minor,yellow rattle,flower,4,
2019,6/19/19,Massachusetts,Harvard,9,Galium mollugo,hedge bedstraw,branch off the main stem,147,
2019,6/19/19,Massachusetts,Harvard,10,Stellaria graminea,chickweed,flower,65,322 degrees for transect direction
2019,6/19/19,Massachusetts,Harvard,10,Vicia cracca,tufted vetch,raceme,32,
2019,6/19/19,Massachusetts,Harvard,10,Galium mollugo,hedge bedstraw,branch off the main stem,2132,
2019,6/22/19,Massachusetts,Appleton,10,Galium mollugo,hedge bedstraw,branch off the main stem,28,118 degrees
2019,6/22/19,Massachusetts,Appleton,2,Vicia cracca,tufted vetch,raceme,3,142 degrees
2019,6/22/19,Massachusetts,Appleton,3,Iris versicolor,blue flag,NA,7,340 degrees
2019,6/22/19,Massachusetts,Appleton,3,Vicia tetrasperma,slender vetch,NA,4,"I've got photos and am a little unsure of this ID, if it seems unlikely I'm happy to share the photos - Ivara"
2019,6/22/19,Massachusetts,Appleton,3,Potentilla simplex,common cinquefoil,flower ,1,
2019,6/22/19,Massachusetts,Appleton,3,Thalictrum pubescens,tall meadow rue,NA,14,
2019,6/22/19,Massachusetts,Appleton,5,Vicia cracca,tufted vetch,raceme,34,114 degrees
2019,6/22/19,Massachusetts,Appleton,5,Potentilla simplex,common cinquefoil,flower ,26,
2019,6/22/19,Massachusetts,Appleton,5,Vicia tetrasperma,slender vetch,NA,33,"I've got photos and am a little unsure of this ID, if it seems unlikely I'm happy to share the photos - Ivara"
2019,6/22/19,Massachusetts,Appleton,5,Stellaria graminea,chickweed,flower,1,
2019,6/22/19,Massachusetts,Appleton,5,Galium mollugo,hedge bedstraw,branch off the main stem,112,
2019,6/22/19,Massachusetts,Appleton,6,Vicia cracca,tufted vetch,raceme,32,120 degrees
2019,6/22/19,Massachusetts,Appleton,6,Stellaria graminea,chickweed,flower,29,
2019,6/23/19,Massachusetts,Appleton,4,Stellaria graminea,chickweed,flower,2,237 degrees
2019,6/23/19,Massachusetts,Appleton,4,Galium mollugo,hedge bedstraw,branch off the main stem,432,
2019,6/23/19,Massachusetts,Appleton,9,Rosa multiflora,multiflora rose,inflorescence,8,344 degrees
2019,6/23/19,Massachusetts,Appleton,9,Sisyrinchium atlanticum,eastern blue eyed grass,flower,2,
2019,6/23/19,Massachusetts,Appleton,9,Vicia cracca,tufted vetch,raceme,11,
2019,6/23/19,Massachusetts,Appleton,9,Achillea millefolium,yarrow,head,8,
2019,6/23/19,Massachusetts,Appleton,9,Stellaria graminea,chickweed,flower,1,
2019,6/23/19,Massachusetts,Appleton,8,Sisyrinchium atlanticum,eastern blue eyed grass,flower,1,5 degrees
2019,6/23/19,Massachusetts,Appleton,8,Potentilla simplex,common cinquefoil,flower ,2,
2019,6/23/19,Massachusetts,Appleton,7,Vicia cracca,tufted vetch,raceme,5,340 degrees
2019,6/23/19,Massachusetts,Appleton,7,Galium mollugo,hedge bedstraw,branch off the main stem,4,
2019,6/23/19,Massachusetts,Appleton2,11,Galium mollugo,hedge bedstraw,branch off the main stem,500,354 degrees
2019,6/23/19,Massachusetts,Appleton2,11,Ranunculus sp,buttercup sp,flower,5,
2019,6/24/19,Massachusetts,Upton,2,Galium mollugo,hedge bedstraw,branch off the main stem,452,
2019,6/24/19,Massachusetts,Upton,2,Potentilla simplex,common cinquefoil,flower,5,
2019,6/24/19,Massachusetts,Upton,2,Trifolium pratense,pink clover,head,4,
2019,6/24/19,Massachusetts,Upton,2,Erigeron annuus,fleabane,head,12,
2019,6/24/19,Massachusetts,Upton,2,Houstonia caerulea,azure bluet,flower,1,
2019,6/24/19,Massachusetts,Upton,2,Rubus argutus,sawtooth blackberry,inflorescence,1,
2019,6/24/19,Massachusetts,Upton,2,Pilosella caespitosa,hawkweed,flower,2,
2019,6/24/19,Massachusetts,Upton,2,Drosera sp,sundew sp,flower,5,same as small sundew from transect 9?
2019,6/24/19,Massachusetts,Upton,2,Trifolium repens,white clover,head,6,
2019,6/24/19,Massachusetts,Upton,9,Galium mollugo,hedge bedstraw,branch off the main stem,1604,
2019,6/24/19,Massachusetts,Upton,9,Potentilla simplex,common cinquefoil,flower,5,
2019,6/24/19,Massachusetts,Upton,9,Trifolium pratense,pink clover,head,51,
2019,6/24/19,Massachusetts,Upton,9,Erigeron annuus,fleabane,head,3,
2019,6/24/19,Massachusetts,Upton,9,Houstonia caerulea,azure bluet,flower,NA,count not recorded
2019,6/24/19,Massachusetts,Upton,9,Rubus argutus,sawtooth blackberry,inflorescence,2,
2019,6/24/19,Massachusetts,Upton,9,Stellaria graminea,chickweed,flower,9,
2019,6/24/19,Massachusetts,Upton,9,Potentilla recta,sulphur cinquefoil,flower,5,
2019,6/24/19,Massachusetts,Upton,9,Melilotus officinalis,yellow clover,NA,21,
2019,6/24/19,Massachusetts,Upton,9,Trifolium repens,white clover,head,8,
2019,6/24/19,Massachusetts,Upton,9,Drosera sp,sundew sp,flower,5,same as sundew from transect 2?
2019,6/24/19,Massachusetts,Upton,7,Trifolium repens,white clover,head,6,
2019,6/24/19,Massachusetts,Upton,7,Trifolium aureum,large hop clover,NA,2,
2019,6/24/19,Massachusetts,Upton,7,Erigeron annuus,fleabane,head,8,
2019,6/24/19,Massachusetts,Upton,7,Rubus argutus,sawtooth blackberry,inflorescence,13,
2019,6/24/19,Massachusetts,Upton,7,Galium mollugo,hedge bedstraw,branch off the main stem,1524,
2019,6/26/19,Massachusetts,Upton,1,Trifolium pratense,pink clover,head,40,
2019,6/26/19,Massachusetts,Upton,1,Potentilla simplex,common cinquefoil,flower,1,
2019,6/26/19,Massachusetts,Upton,1,Erigeron annuus,fleabane,head,4,
2019,6/26/19,Massachusetts,Upton,1,Melilotus officinalis,yellow clover,NA,3,
2019,6/26/19,Massachusetts,Upton,1,Ranunculus sp,buttercup sp,flower,10,
2019,6/26/19,Massachusetts,Upton,1,Stellaria graminea,chickweed,flower,2,
2019,6/26/19,Massachusetts,Upton,1,Rosa multiflora,multiflora rose,inflorescence,5,
2019,6/26/19,Massachusetts,Upton,1,Trifolium repens,white clover,head,1,
2019,6/26/19,Massachusetts,Upton,1,Galium mollugo,hedge bedstraw,branch off the main stem,450,
2019,6/26/19,Massachusetts,Upton,4,Rosa multiflora,multiflora rose,inflorescence,6,
2019,6/26/19,Massachusetts,Upton,4,Trifolium pratense,pink clover,head,103,
2019,6/26/19,Massachusetts,Upton,4,Erigeron annuus,fleabane,head,9,
2019,6/26/19,Massachusetts,Upton,4,Melilotus officinalis,yellow clover,NA,3,
2019,6/26/19,Massachusetts,Upton,4,Potentilla recta,sulphur cinquefoil,flower,42,
2019,6/26/19,Massachusetts,Upton,4,Trifolium repens,white clover,head,1,
2019,6/26/19,Massachusetts,Upton,4,Stellaria graminea,chickweed,flower,3,
2019,6/26/19,Massachusetts,Upton,4,Galium mollugo,hedge bedstraw,branch off the main stem,573,
2019,6/26/19,Massachusetts,Upton,3,Trifolium pratense,pink clover,head,26,
2019,6/26/19,Massachusetts,Upton,3,Lobelia spicata,pale spiked lobelia,flower,11,
2019,6/26/19,Massachusetts,Upton,3,Galium mollugo,hedge bedstraw,branch off the main stem,331,
2019,6/26/19,Massachusetts,Upton,3,Melilotus officinalis,yellow clover,NA,95,
2019,6/26/19,Massachusetts,Upton,3,Potentilla recta,sulphur cinquefoil,flower,11,
2019,6/26/19,Massachusetts,Upton,3,Rosa multiflora,multiflora rose,inflorescence,10,
2019,6/26/19,Massachusetts,Upton,3,Trifolium repens,white clover,head,6,
2019,6/26/19,Massachusetts,Upton,3,Ranunculus sp,buttercup sp,flower,1,
2019,6/26/19,Massachusetts,Upton,5,Galium mollugo,hedge bedstraw,branch off the main stem,780,
2019,6/26/19,Massachusetts,Upton,5,Trifolium repens,white clover,head,10,
2019,6/26/19,Massachusetts,Upton,5,Trifolium pratense,pink clover,head,12,
2019,6/26/19,Massachusetts,Upton,5,Rosa multiflora,multiflora rose,inflorescence,9,
2019,6/26/19,Massachusetts,Upton,5,Potentilla simplex,common cinquefoil,flower,1,
2019,6/26/19,Massachusetts,Upton,5,Melilotus officinalis,yellow clover,NA,10,
2019,6/26/19,Massachusetts,Upton,5,Potentilla recta,sulphur cinquefoil,flower,1,
2019,6/26/19,Massachusetts,Upton,5,Ranunculus sp,buttercup sp,flower,11,
2019,6/26/19,Massachusetts,Upton,10,Potentilla simplex,common cinquefoil,flower,4,
2019,6/26/19,Massachusetts,Upton,10,Ranunculus sp,buttercup sp,flower,2,
2019,6/26/19,Massachusetts,Upton,10,Trifolium repens,white clover,head,18,
2019,6/26/19,Massachusetts,Upton,10,Trifolium pratense,pink clover,head,2,
2019,6/26/19,Massachusetts,Upton,10,Rosa multiflora,multiflora rose,inflorescence,4,
2019,6/26/19,Massachusetts,Upton,10,Erigeron annuus,fleabane,head,1,
2019,6/26/19,Massachusetts,Upton,10,Potentilla recta,sulphur cinquefoil,flower,2,
2019,6/26/19,Massachusetts,Upton,10,Stellaria graminea,chickweed,flower,1,
2019,6/26/19,Massachusetts,Upton,10,Galium mollugo,hedge bedstraw,branch off the main stem,881,
2019,6/26/19,Massachusetts,Upton,8,Galium mollugo,hedge bedstraw,branch off the main stem,832,
2019,6/26/19,Massachusetts,Upton,8,Erigeron annuus,fleabane,head,3,
2019,6/26/19,Massachusetts,Upton,8,Trifolium pratense,pink clover,head,31,
2019,6/26/19,Massachusetts,Upton,8,Trifolium repens,white clover,head,17,
2019,6/26/19,Massachusetts,Upton,8,Potentilla simplex,common cinquefoil,flower,18,
2019,6/26/19,Massachusetts,Upton,8,Leucanthemum vulgare,oxeye daisy,head,7,
2019,6/26/19,Massachusetts,Upton,8,Stellaria graminea,chickweed,flower,10,
2019,6/26/19,Massachusetts,Upton,8,Ranunculus sp,buttercup sp,flower,25,
2019,6/26/19,Massachusetts,Upton,8,Melilotus officinalis,yellow clover,NA,6,
2019,6/26/19,Massachusetts,Upton,6,Ranunculus sp,buttercup sp,flower,2,
2019,6/26/19,Massachusetts,Upton,6,Trifolium pratense,pink clover,head,13,
2019,6/26/19,Massachusetts,Upton,6,Potentilla recta,sulphur cinquefoil,flower,1,
2019,6/26/19,Massachusetts,Upton,6,Galium mollugo,hedge bedstraw,branch off the main stem,178,
2019,6/26/19,Massachusetts,Upton,6,Trifolium repens,white clover,head,32,
2019,6/26/19,Massachusetts,Upton,6,Rosa multiflora,multiflora rose,inflorescence,3,
2019,6/26/19,Massachusetts,Upton,6,Erigeron annuus,fleabane,head,29,
2019,6/26/19,Massachusetts,Upton,6,Melilotus officinalis,yellow clover,NA,20,
2019,7/2/19,Massachusetts,Harvard,1,Lysimachia terrestris,swamp candles,spike,2,
2019,7/2/19,Massachusetts,Harvard,1,Vicia cracca,tufted vetch,raceme,99,
2019,7/2/19,Massachusetts,Harvard,1,Stellaria graminea,chickweed,flower,2,
2019,7/2/19,Massachusetts,Harvard,1,Trifolium pratense,pink clover,head,9,
2019,7/2/19,Massachusetts,Harvard,1,Galium mollugo,hedge bedstraw,branch off the main stem,74,
2019,7/2/19,Massachusetts,Harvard,3,Vicia cracca,tufted vetch,raceme,13,
2019,7/2/19,Massachusetts,Harvard,3,Galium mollugo,hedge bedstraw,branch off the main stem,21,
2019,7/2/19,Massachusetts,Harvard,4,Lysimachia terrestris,swamp candles,spike,14,
2019,7/2/19,Massachusetts,Harvard,4,Vicia cracca,tufted vetch,raceme,23,
2019,7/2/19,Massachusetts,Harvard,4,Trifolium pratense,pink clover,head,39,
2019,7/2/19,Massachusetts,Harvard,4,Stellaria graminea,chickweed,flower,9,
2019,7/2/19,Massachusetts,Harvard,4,Ranunculus sp,buttercup sp,flower,20,
2019,7/2/19,Massachusetts,Harvard,4,Rhinanthus minor,yellow rattle,flower,31,
2019,7/2/19,Massachusetts,Harvard,2,Ranunculus sp,buttercup sp,flower,5,
2019,7/2/19,Massachusetts,Harvard,2,Vicia cracca,tufted vetch,raceme,12,
2019,7/2/19,Massachusetts,Harvard,2,Stellaria graminea,chickweed,flower,2,
2019,7/2/19,Massachusetts,Harvard,2,Galium mollugo,hedge bedstraw,branch off the main stem,NA,count not recorded
2019,7/2/19,Massachusetts,Harvard,2,Rosa multiflora,multiflora rose,inflorescence,3,
2019,7/2/19,Massachusetts,Harvard,2,Lysimachia terrestris,swamp candles,spike,17,
2019,7/2/19,Massachusetts,Harvard,2,Asclepias incarnata,swamp milkweed,inflorescence,1,
2019,7/2/19,Massachusetts,Harvard,5,Trifolium pratense,pink clover,head,6,
2019,7/2/19,Massachusetts,Harvard,5,Rhinanthus minor,yellow rattle,flower,97,
2019,7/2/19,Massachusetts,Harvard,5,Leucanthemum vulgare,oxeye daisy,head,3,
2019,7/2/19,Massachusetts,Harvard,5,Stellaria graminea,chickweed,flower,12,
2019,7/2/19,Massachusetts,Harvard,5,Galium mollugo,hedge bedstraw,branch off the main stem,1,
2019,7/2/19,Massachusetts,Harvard,6,Vicia cracca,tufted vetch,raceme,14,
2019,7/2/19,Massachusetts,Harvard,6,Stellaria graminea,chickweed,flower,22,
2019,7/2/19,Massachusetts,Harvard,6,Galium mollugo,hedge bedstraw,branch off the main stem,184,
2019,7/2/19,Massachusetts,Harvard,7,Lysimachia terrestris,swamp candles,spike,5,
2019,7/2/19,Massachusetts,Harvard,7,Galium mollugo,hedge bedstraw,branch off the main stem,250,
2019,7/2/19,Massachusetts,Harvard,7,Vicia cracca,tufted vetch,raceme,38,
2019,7/2/19,Massachusetts,Harvard,7,Stellaria graminea,chickweed,flower,37,
2019,7/2/19,Massachusetts,Harvard,8,Vicia cracca,tufted vetch,raceme,24,
2019,7/2/19,Massachusetts,Harvard,8,Stellaria graminea,chickweed,flower,17,
2019,7/2/19,Massachusetts,Harvard,8,Potentilla simplex,common cinquefoil,flower ,2,
2019,7/2/19,Massachusetts,Harvard,8,Hypericum perforatum,common st johns wort,flower,1,
2019,7/2/19,Massachusetts,Harvard,9,Lysimachia terrestris,swamp candles,spike,62,
2019,7/2/19,Massachusetts,Harvard,9,Stellaria graminea,chickweed,flower,46,
2019,7/2/19,Massachusetts,Harvard,9,Vicia cracca,tufted vetch,raceme,7,
2019,7/2/19,Massachusetts,Harvard,9,Galium mollugo,hedge bedstraw,branch off the main stem,7,
2019,7/2/19,Massachusetts,Harvard,10,Galium mollugo,hedge bedstraw,branch off the main stem,276,
2019,7/2/19,Massachusetts,Harvard,10,Vicia cracca,tufted vetch,raceme,13,
2019,7/2/19,Massachusetts,Harvard,10,Stellaria graminea,chickweed,flower,125,
2019,7/3/19,Massachusetts,Appleton,2,NA,NA,NA,NA,no flowering plants
2019,7/3/19,Massachusetts,Appleton,3,NA,NA,NA,NA,no flowering plants
2019,7/3/19,Massachusetts,Appleton,4,Galium mollugo,hedge bedstraw,branch off the main stem,154,
2019,7/3/19,Massachusetts,Appleton,4,Lysimachia terrestris,swamp candles,spike,1,
2019,7/3/19,Massachusetts,Appleton,6,Vicia cracca,tufted vetch,raceme,20,
2019,7/3/19,Massachusetts,Appleton,6,Potentilla simplex,common cinquefoil,flower ,2,
2019,7/3/19,Massachusetts,Appleton,5,Vicia cracca,tufted vetch,raceme,38,
2019,7/3/19,Massachusetts,Appleton,5,Stellaria graminea,chickweed,flower,6,
2019,7/3/19,Massachusetts,Appleton,5,Thalictrum sp,meadow rue sp,NA,45,
2019,7/3/19,Massachusetts,Appleton,5,Potentilla simplex,common cinquefoil,flower ,2,
2019,7/3/19,Massachusetts,Appleton,10,Galium mollugo,hedge bedstraw,branch off the main stem,207,
2019,7/3/19,Massachusetts,Appleton,10,Vicia cracca,tufted vetch,raceme,37,
2019,7/3/19,Massachusetts,Appleton,9,Potentilla simplex,common cinquefoil,flower ,2,
2019,7/3/19,Massachusetts,Appleton,9,Lysimachia terrestris,swamp candles,spike,2,
2019,7/3/19,Massachusetts,Appleton,9,Sisyrinchium atlanticum,eastern blue eyed grass,flower,2,
2019,7/3/19,Massachusetts,Appleton,9,Rubus argutus,sawtooth blackberry,inflorescence,15,
2019,7/3/19,Massachusetts,Appleton,9,Achillea millefolium,yarrow,head,8,
2019,7/3/19,Massachusetts,Appleton,9,Vicia cracca,tufted vetch,raceme,8,
2019,7/3/19,Massachusetts,Appleton,8,Vicia cracca,tufted vetch,raceme,12,
2019,7/3/19,Massachusetts,Appleton,8,Lysimachia terrestris,swamp candles,spike,3,
2019,7/3/19,Massachusetts,Appleton,1,Thalictrum sp,meadow rue sp,NA,18,
2019,7/3/19,Massachusetts,Appleton,1,Lysimachia terrestris,swamp candles,spike,2,
2019,7/3/19,Massachusetts,Appleton,7,Vicia cracca,tufted vetch,raceme,15,
2019,7/3/19,Massachusetts,Appleton,7,Thalictrum sp,meadow rue sp,NA,36,
2019,7/3/19,Massachusetts,Appleton,7,Galium mollugo,hedge bedstraw,branch off the main stem,11,
2019,7/13/19,Massachusetts,Upton,2,Trifolium pratense,pink clover,head,1,
2019,7/13/19,Massachusetts,Upton,2,Rudbeckia hirta,black eyed susan,flower head,19,
2019,7/13/19,Massachusetts,Upton,2,Erigeron annuus,fleabane,head,107,
2019,7/13/19,Massachusetts,Upton,1,Trifolium pratense,pink clover,head,9,
2019,7/13/19,Massachusetts,Upton,1,Rudbeckia hirta,black eyed susan,flower head,36,
2019,7/13/19,Massachusetts,Upton,1,Erigeron annuus,fleabane,head,2,
2019,7/13/19,Massachusetts,Upton,4,Rudbeckia hirta,black eyed susan,flower head,103,
2019,7/13/19,Massachusetts,Upton,4,Trifolium pratense,pink clover,head,15,
2019,7/13/19,Massachusetts,Upton,4,Erigeron annuus,fleabane,head,76,
2019,7/13/19,Massachusetts,Upton,4,Potentilla recta,sulphur cinquefoil,flower,3,
2019,7/13/19,Massachusetts,Upton,4,Achillea millefolium,yarrow,head,15,
2019,7/13/19,Massachusetts,Upton,5,Trifolium pratense,pink clover,head,8,
2019,7/13/19,Massachusetts,Upton,5,Rudbeckia hirta,black eyed susan,flower head,42,
2019,7/13/19,Massachusetts,Upton,5,Rubus argutus,sawtooth blackberry,inflorescence,5,
2019,7/13/19,Massachusetts,Upton,5,Galium mollugo,hedge bedstraw,branch off the main stem,10,
2019,7/13/19,Massachusetts,Upton,6,Rudbeckia hirta,black eyed susan,flower head,48,
2019,7/13/19,Massachusetts,Upton,6,Erigeron annuus,fleabane,head,61,
2019,7/13/19,Massachusetts,Upton,6,Melilotus officinalis,yellow clover,NA,20,
2019,7/13/19,Massachusetts,Upton,6,Trifolium pratense,pink clover,head,11,
2019,7/13/19,Massachusetts,Upton,6,Hypericum perforatum,common st johns wort,flower,3,
2019,7/13/19,Massachusetts,Upton,8,Rudbeckia hirta,black eyed susan,flower head,99,
2019,7/13/19,Massachusetts,Upton,8,Trifolium pratense,pink clover,head,22,
2019,7/13/19,Massachusetts,Upton,8,Erigeron annuus,fleabane,head,4,
2019,7/13/19,Massachusetts,Upton,8,Galium mollugo,hedge bedstraw,branch off the main stem,11,
2019,7/13/19,Massachusetts,Upton,8,Leucanthemum vulgare,oxeye daisy,head,1,
2019,7/13/19,Massachusetts,Upton,8,Hypericum perforatum,common st johns wort,flower,1,
2019,7/13/19,Massachusetts,Upton,10,Rudbeckia hirta,black eyed susan,flower head,25,
2019,7/13/19,Massachusetts,Upton,10,Galium mollugo,hedge bedstraw,branch off the main stem,6,
2019,7/13/19,Massachusetts,Upton,10,Ranunculus sp,buttercup sp,flower,2,
2019,7/13/19,Massachusetts,Upton,10,Trifolium pratense,pink clover,head,1,
2019,7/13/19,Massachusetts,Upton,10,Erigeron annuus,fleabane,head,6,
2019,7/13/19,Massachusetts,Upton,9,Rudbeckia hirta,black eyed susan,flower head,66,
2019,7/13/19,Massachusetts,Upton,9,Erigeron annuus,fleabane,head,19,
2019,7/13/19,Massachusetts,Upton,9,Potentilla recta,sulphur cinquefoil,flower,2,
2019,7/13/19,Massachusetts,Upton,9,Melilotus officinalis,yellow clover,NA,4,
2019,7/13/19,Massachusetts,Upton,9,Trifolium pratense,pink clover,head,22,
2019,7/13/19,Massachusetts,Upton,7,Rudbeckia hirta,black eyed susan,flower head,11,
2019,7/13/19,Massachusetts,Upton,7,Erigeron annuus,fleabane,head,25,
2019,7/13/19,Massachusetts,Upton,3,Rudbeckia hirta,black eyed susan,flower head,37,
2019,7/13/19,Massachusetts,Upton,3,Melilotus officinalis,yellow clover,NA,71,
2019,7/13/19,Massachusetts,Upton,3,Erigeron annuus,fleabane,head,4,
2019,7/13/19,Massachusetts,Upton,3,Galium mollugo,hedge bedstraw,branch off the main stem,4,
2019,7/16/19,Massachusetts,Harvard,1,Vicia cracca,tufted vetch,raceme,73,
2019,7/16/19,Massachusetts,Harvard,1,Galium mollugo,hedge bedstraw,branch off the main stem,13,
2019,7/16/19,Massachusetts,Harvard,1,Ranunculus sp,buttercup sp,flower,6,
2019,7/16/19,Massachusetts,Harvard,1,Lysimachia terrestris,swamp candles,spike,10,
2019,7/16/19,Massachusetts,Harvard,2,Vicia cracca,tufted vetch,raceme,11,
2019,7/16/19,Massachusetts,Harvard,2,Lysimachia terrestris,swamp candles,spike,133,
2019,7/16/19,Massachusetts,Harvard,2,Asclepias sp,milkweed sp,Inflorescence,3,
2019,7/16/19,Massachusetts,Harvard,3,Lysimachia terrestris,swamp candles,spike,11,
2019,7/16/19,Massachusetts,Harvard,3,Ranunculus sp,buttercup sp,flower,2,
2019,7/16/19,Massachusetts,Harvard,4,Lysimachia terrestris,swamp candles,spike,18,
2019,7/16/19,Massachusetts,Harvard,4,Vicia cracca,tufted vetch,raceme,9,
2019,7/16/19,Massachusetts,Harvard,4,Ranunculus sp,buttercup sp,flower,1,
2019,7/16/19,Massachusetts,Harvard,4,Trifolium pratense,pink clover,head,10,
2019,7/16/19,Massachusetts,Harvard,5,Vicia cracca,tufted vetch,raceme,1,
2019,7/16/19,Massachusetts,Harvard,5,Hypericum perforatum,common st johns wort,flower,6,
2019,7/16/19,Massachusetts,Harvard,5,Trifolium pratense,pink clover,head,1,
2019,7/16/19,Massachusetts,Harvard,6,Galium mollugo,hedge bedstraw,branch off the main stem,10,
2019,7/16/19,Massachusetts,Harvard,6,Stellaria graminea,chickweed,flower,7,
2019,7/16/19,Massachusetts,Harvard,6,Vicia cracca,tufted vetch,raceme,15,
2019,7/16/19,Massachusetts,Harvard,7,Galium mollugo,hedge bedstraw,branch off the main stem,48,
2019,7/16/19,Massachusetts,Harvard,7,Potentilla recta,sulphur cinquefoil,flower,1,
2019,7/16/19,Massachusetts,Harvard,7,Vicia cracca,tufted vetch,raceme,9,
2019,7/16/19,Massachusetts,Harvard,7,Stellaria graminea,chickweed,flower,18,
2019,7/16/19,Massachusetts,Harvard,8,Vicia cracca,tufted vetch,raceme,48,
2019,7/16/19,Massachusetts,Harvard,8,Hypericum perforatum,common st johns wort,flower,15,
2019,7/16/19,Massachusetts,Harvard,8,Galium mollugo,hedge bedstraw,branch off the main stem,31,
2019,7/16/19,Massachusetts,Harvard,8,Erigeron annuus,fleabane,head,2,
2019,7/16/19,Massachusetts,Harvard,8,Ranunculus sp,buttercup sp,flower,1,
2019,7/16/19,Massachusetts,Harvard,8,Stellaria graminea,chickweed,flower,13,
2019,7/16/19,Massachusetts,Harvard,8,Oxalis sp,wood sorrel sp,NA,1,
2019,7/16/19,Massachusetts,Harvard,9,Lysimachia terrestris,swamp candles,spike,27,
2019,7/16/19,Massachusetts,Harvard,9,Stellaria graminea,chickweed,flower,18,
2019,7/16/19,Massachusetts,Harvard,9,Galium mollugo,hedge bedstraw,branch off the main stem,7,
2019,7/16/19,Massachusetts,Harvard,10,Vicia cracca,tufted vetch,raceme,5,
2019,7/16/19,Massachusetts,Harvard,10,Stellaria graminea,chickweed,flower,17,
2019,7/16/19,Massachusetts,Harvard,10,Galium mollugo,hedge bedstraw,branch off the main stem,30,
2019,7/17/19,Massachusetts,Appleton,2,NA,NA,NA,NA,no flowering plants
2019,7/17/19,Massachusetts,Appleton,3,Lythrum salicaria,purple loosestrife,spike,1,
2019,7/17/19,Massachusetts,Appleton,4,Lysimachia terrestris,swamp candles,spike,26,
2019,7/17/19,Massachusetts,Appleton,4,Myosotis laxa,forget me not,NA,12,
2019,7/17/19,Massachusetts,Appleton,5,Vicia cracca,tufted vetch,raceme,17,
2019,7/17/19,Massachusetts,Appleton,5,Lythrum salicaria,purple loosestrife,spike,1,
2019,7/17/19,Massachusetts,Appleton,5,Solidago altissima,tall goldenrod,branch off the main stem,4,
2019,7/17/19,Massachusetts,Appleton,6,Vicia cracca,tufted vetch,raceme,45,
2019,7/17/19,Massachusetts,Appleton,10,Lythrum salicaria,purple loosestrife,spike,24,
2019,7/17/19,Massachusetts,Appleton,10,Vicia cracca,tufted vetch,raceme,9,
2019,7/17/19,Massachusetts,Appleton,10,Lysimachia terrestris,swamp candles,spike,1,
2019,7/17/19,Massachusetts,Appleton,9,Solidago altissima,tall goldenrod,branch off the main stem,1,
2019,7/17/19,Massachusetts,Appleton,9,Lysimachia terrestris,swamp candles,spike,3,
2019,7/17/19,Massachusetts,Appleton,9,Achillea millefolium,yarrow,head,3,
2019,7/17/19,Massachusetts,Appleton,9,Vicia cracca,tufted vetch,raceme,3,
2019,7/17/19,Massachusetts,Appleton,8,Vicia cracca,tufted vetch,raceme,1,
2019,7/17/19,Massachusetts,Appleton,8,Lysimachia terrestris,swamp candles,spike,1,
2019,7/17/19,Massachusetts,Appleton,7,Lythrum salicaria,purple loosestrife,spike,31,
2019,7/17/19,Massachusetts,Appleton,1,Lythrum salicaria,purple loosestrife,spike,1,
2019,7/17/19,Massachusetts,Appleton2,11,Vicia cracca,tufted vetch,raceme,14,
2019,7/17/19,Massachusetts,Appleton2,11,Hypericum perforatum,common st johns wort,flower,23,
2019,7/17/19,Massachusetts,Appleton2,11,NA,NA,NA,29,unidentified. pic 7
2019,7/25/19,Massachusetts,Upton,10,Rudbeckia hirta,black eyed susan,flower head,43,
2019,7/25/19,Massachusetts,Upton,10,Prunella vulgaris,selfheal,NA,6,James has photo
2019,7/25/19,Massachusetts,Upton,10,Erigeron annuus,fleabane,head,12,
2019,7/25/19,Massachusetts,Upton,10,Trifolium repens,white clover,head,1,
2019,7/25/19,Massachusetts,Upton,9,Rudbeckia hirta,black eyed susan,flower head,80,
2019,7/25/19,Massachusetts,Upton,9,Erigeron annuus,fleabane,head,38,
2019,7/25/19,Massachusetts,Upton,9,Galium mollugo,hedge bedstraw,branch off the main stem,12,
2019,7/25/19,Massachusetts,Upton,9,Potentilla recta,sulphur cinquefoil,flower,1,
2019,7/25/19,Massachusetts,Upton,9,Trifolium pratense,pink clover,head,12,
2019,7/25/19,Massachusetts,Upton,7,Rudbeckia hirta,black eyed susan,flower head,12,
2019,7/25/19,Massachusetts,Upton,7,Erigeron annuus,fleabane,head,14,
2019,7/25/19,Massachusetts,Upton,8,Rudbeckia hirta,black eyed susan,flower head,84,
2019,7/25/19,Massachusetts,Upton,8,Daucus carota,queen annes lace,head,3,
2019,7/25/19,Massachusetts,Upton,8,Trifolium pratense,pink clover,head,5,
2019,7/25/19,Massachusetts,Upton,8,Solidago altissima,tall goldenrod,branch off the main stem,2,shoots off main stem
2019,7/25/19,Massachusetts,Upton,5,Rudbeckia hirta,black eyed susan,flower head,45,
2019,7/25/19,Massachusetts,Upton,6,Rudbeckia hirta,black eyed susan,flower head,55,
2019,7/25/19,Massachusetts,Upton,6,Trifolium pratense,pink clover,head,9,
2019,7/25/19,Massachusetts,Upton,6,Tanacetum parthenium,american feverfew,NA,15,
2019,7/25/19,Massachusetts,Upton,6,Erigeron annuus,fleabane,head,1,
2019,7/25/19,Massachusetts,Upton,4,Rudbeckia hirta,black eyed susan,flower head,118,
2019,7/25/19,Massachusetts,Upton,4,Erigeron annuus,fleabane,head,90,
2019,7/25/19,Massachusetts,Upton,4,Trifolium pratense,pink clover,head,17,
2019,7/25/19,Massachusetts,Upton,4,Hypericum perforatum,common st johns wort,flower,1,
2019,7/25/19,Massachusetts,Upton,4,Lobelia spicata,pale spiked lobelia,flower,3,think it's been ID'd before
2019,7/25/19,Massachusetts,Upton,4,Daucus carota,queen annes lace,head,1,
2019,7/25/19,Massachusetts,Upton,1,Rudbeckia hirta,black eyed susan,flower head,41,
2019,7/25/19,Massachusetts,Upton,1,Daucus carota,queen annes lace,head,4,
2019,7/25/19,Massachusetts,Upton,1,Trifolium pratense,pink clover,head,9,
2019,7/25/19,Massachusetts,Upton,1,Erigeron annuus,fleabane,head,8,
2019,7/25/19,Massachusetts,Upton,2,Erigeron annuus,fleabane,head,15,
2019,7/25/19,Massachusetts,Upton,2,Rudbeckia hirta,black eyed susan,flower head,10,
2019,7/25/19,Massachusetts,Upton,2,Daucus carota,queen annes lace,head,1,
2019,7/25/19,Massachusetts,Upton,3,Rudbeckia hirta,black eyed susan,flower head,26,
2019,7/25/19,Massachusetts,Upton,3,Trifolium aureum,large hop clover,NA,5,
2019,7/25/19,Massachusetts,Upton,3,Trifolium pratense,pink clover,head,7,
2019,7/30/19,Massachusetts,Harvard,6,Galium mollugo,hedge bedstraw,branch off the main stem,27,
2019,7/30/19,Massachusetts,Harvard,6,Vicia cracca,tufted vetch,raceme,12,
2019,7/30/19,Massachusetts,Harvard,6,Solidago altissima,tall goldenrod,branch off the main stem,9,branches off stem
2019,7/30/19,Massachusetts,Harvard,10,Galium mollugo,hedge bedstraw,branch off the main stem,138,
2019,7/30/19,Massachusetts,Harvard,10,Vicia cracca,tufted vetch,raceme,3,
2019,7/30/19,Massachusetts,Harvard,10,Stellaria graminea,chickweed,flower,16,
2019,7/30/19,Massachusetts,Harvard,7,Solidago altissima,tall goldenrod,branch off the main stem,2,
2019,7/30/19,Massachusetts,Harvard,7,Vicia cracca,tufted vetch,raceme,17,
2019,7/30/19,Massachusetts,Harvard,7,Galium mollugo,hedge bedstraw,branch off the main stem,20,
2019,7/30/19,Massachusetts,Harvard,7,Daucus carota,queen annes lace,head,2,head
2019,7/30/19,Massachusetts,Harvard,7,Oxalis stricta,oxalis,flower,3,
2019,7/30/19,Massachusetts,Harvard,9,Mimulus ringens,monkey flower,NA,16,"opp leaves, James photo"
2019,7/30/19,Massachusetts,Harvard,9,Solidago altissima,tall goldenrod,branch off the main stem,20,
2019,7/30/19,Massachusetts,Harvard,9,Vicia cracca,tufted vetch,raceme,1,
2019,7/30/19,Massachusetts,Harvard,9,Eutrochium dubium,eastern joe pye weed,inflorescence,11,"clusters on head, James photos, leaves opposite"
2019,7/30/19,Massachusetts,Harvard,9,Lysimachia terrestris,swamp candles,spike,1,
2019,7/30/19,Massachusetts,Harvard,9,Mentha arevensis,wild mint,inflorescence,22,
2019,7/30/19,Massachusetts,Harvard,8,Stellaria graminea,chickweed,flower,3,
2019,7/30/19,Massachusetts,Harvard,8,Oxalis stricta,oxalis,flower,5,
2019,7/30/19,Massachusetts,Harvard,8,Vicia cracca,tufted vetch,raceme,14,
2019,7/30/19,Massachusetts,Harvard,8,Daucus carota,queen annes lace,head,3,
2019,7/30/19,Massachusetts,Harvard,8,Solidago altissima,tall goldenrod,branch off the main stem,3,
2019,7/30/19,Massachusetts,Harvard,5,Euthamia graminifolia,lance leaved goldenrod,branch off the main stem,133,clusters (several/plant)
2019,7/30/19,Massachusetts,Harvard,5,Hypericum perforatum,common st johns wort,flower,1,
2019,7/30/19,Massachusetts,Harvard,5,Vicia cracca,tufted vetch,raceme,1,
2019,7/30/19,Massachusetts,Harvard,5,Oxalis stricta,oxalis,flower,1,
2019,7/30/19,Massachusetts,Harvard,5,Trifolium pratense,pink clover,head,2,
2019,7/30/19,Massachusetts,Harvard,5,Prunella vulgaris,selfheal,NA,1,Ivara has photos
2019,7/30/19,Massachusetts,Harvard,4,Vicia cracca,tufted vetch,raceme,6,
2019,7/30/19,Massachusetts,Harvard,4,Trifolium pratense,pink clover,head,4,
2019,7/30/19,Massachusetts,Harvard,3,Solidago altissima,tall goldenrod,branch off the main stem,168,
2019,7/30/19,Massachusetts,Harvard,3,Euthamia graminifolia,lance leaved goldenrod,branch off the main stem,324,
2019,7/30/19,Massachusetts,Harvard,3,Lythrum salicaria,purple loosestrife,spike,47,
2019,7/30/19,Massachusetts,Harvard,3,Daucus carota,queen annes lace,head,1,
2019,7/30/19,Massachusetts,Harvard,2,Euthamia graminifolia,lance leaved goldenrod,branch off the main stem,4,
2019,7/30/19,Massachusetts,Harvard,2,Vicia cracca,tufted vetch,raceme,13,
2019,7/30/19,Massachusetts,Harvard,2,Solidago altissima,tall goldenrod,branch off the main stem,3,
2019,7/30/19,Massachusetts,Harvard,2,Oxalis stricta,oxalis,flower,1,
2019,7/30/19,Massachusetts,Harvard,1,Vicia cracca,tufted vetch,raceme,18,
2019,7/30/19,Massachusetts,Harvard,1,Galium mollugo,hedge bedstraw,branch off the main stem,33,
2019,7/30/19,Massachusetts,Harvard,1,Persicaria sagittata,tearthumb,flower,3,
2019,7/30/19,Massachusetts,Harvard,1,Trifolium pratense,pink clover,head,8,
2019,7/30/19,Massachusetts,Harvard,1,Daucus carota,queen annes lace,head,3,
2019,7/30/19,Massachusetts,Harvard,1,Solidago altissima,tall goldenrod,branch off the main stem,3,
2019,7/30/19,Massachusetts,Harvard,1,Oxalis stricta,oxalis,flower,5,
2019,8/1/19,Massachusetts,Appleton,10,Lythrum salicaria,purple loosestrife,spike,428,
2019,8/1/19,Massachusetts,Appleton,10,Solidago altissima,tall goldenrod,branch off the main stem,33,
2019,8/1/19,Massachusetts,Appleton,10,Persicaria sagittata,tearthumb,flower,129,
2019,8/1/19,Massachusetts,Appleton,10,Vicia cracca,tufted vetch,raceme,8,
2019,8/1/19,Massachusetts,Appleton,9,Solidago altissima,tall goldenrod,branch off the main stem,19,
2019,8/1/19,Massachusetts,Appleton,8,Lythrum salicaria,purple loosestrife,spike,198,
2019,8/1/19,Massachusetts,Appleton,8,Persicaria sagittata,tearthumb,flower,52,
2019,8/1/19,Massachusetts,Appleton,8,Solidago altissima,tall goldenrod,branch off the main stem,154,
2019,8/1/19,Massachusetts,Appleton,7,Lythrum salicaria,purple loosestrife,spike,81,
2019,8/1/19,Massachusetts,Appleton,7,Persicaria sagittata,tearthumb,flower,23,
2019,8/1/19,Massachusetts,Appleton,7,Vicia cracca,tufted vetch,raceme,3,
2019,8/1/19,Massachusetts,Appleton,7,Solidago altissima,tall goldenrod,branch off the main stem,72,
2019,8/1/19,Massachusetts,Appleton,7,NA,NA,whole flower heads,28,unidentified. white puffy
2019,8/1/19,Massachusetts,Appleton,6,Impatiens capensis,jewelweed,flower,3,
2019,8/1/19,Massachusetts,Appleton,6,Oxalis stricta,oxalis,flower,1,
2019,8/1/19,Massachusetts,Appleton,6,Lythrum salicaria,purple loosestrife,spike,6,
2019,8/1/19,Massachusetts,Appleton,6,Vicia cracca,tufted vetch,raceme,1,
2019,8/1/19,Massachusetts,Appleton,5,Lythrum salicaria,purple loosestrife,spike,81,
2019,8/1/19,Massachusetts,Appleton,5,Solidago altissima,tall goldenrod,branch off the main stem,76,
2019,8/1/19,Massachusetts,Appleton,5,Persicaria sagittata,tearthumb,flower,8,
2019,8/1/19,Massachusetts,Appleton,5,Vicia cracca,tufted vetch,raceme,6,
2019,8/1/19,Massachusetts,Appleton,4,NA,NA,NA,NA,no flowering plants
2019,8/1/19,Massachusetts,Appleton,3,Lythrum salicaria,purple loosestrife,spike,101,
2019,8/1/19,Massachusetts,Appleton,3,Solidago altissima,tall goldenrod,branch off the main stem,10,
2019,8/1/19,Massachusetts,Appleton,2,Lythrum salicaria,purple loosestrife,spike,11,
2019,8/1/19,Massachusetts,Appleton,2,Euthamia graminifolia,lance leaved goldenrod,branch off the main stem,8,
2019,8/1/19,Massachusetts,Appleton,2,Persicaria sagittata,tearthumb,flower,2,
2019,8/1/19,Massachusetts,Appleton,1,Persicaria sagittata,tearthumb,flower,37,
2019,8/1/19,Massachusetts,Appleton,1,Lythrum salicaria,purple loosestrife,spike,50,
2019,8/1/19,Massachusetts,Appleton,1,Vicia cracca,tufted vetch,raceme,3,
2019,8/1/19,Massachusetts,Appleton,1,Solidago altissima,tall goldenrod,branch off the main stem,32,
2019,8/1/19,Massachusetts,Appleton2,11,Vicia cracca,tufted vetch,raceme,9,
2019,8/1/19,Massachusetts,Appleton2,11,Daucus carota,queen annes lace,head,8,
2019,8/1/19,Massachusetts,Appleton2,11,Solidago altissima,tall goldenrod,branch off the main stem,4,
2019,8/1/19,Massachusetts,Appleton2,11,Lathyrus pratensis,meadow vetchling,NA,10,
2019,8/1/19,Massachusetts,Appleton2,11,Hypericum perforatum,common st johns wort,flower,2,
2019,8/10/19,Massachusetts,Appleton,1,Lythrum salicaria,purple loosestrife,spike,67,
2019,8/10/19,Massachusetts,Appleton,1,Persicaria sagittata,tearthumb,flower,186,
2019,8/10/19,Massachusetts,Appleton,1,Eutrochium dubium,eastern joe pye weed,inflorescence,48,
2019,8/10/19,Massachusetts,Appleton,9,Mentha arevensis,wild mint,inflorescence,8,
2019,8/10/19,Massachusetts,Appleton,9,Vicia cracca,tufted vetch,raceme,1,
2019,8/10/19,Massachusetts,Appleton,9,Solidago altissima,tall goldenrod,branch off the main stem,115,
2019,8/10/19,Massachusetts,Appleton,10,Solidago altissima,tall goldenrod,branch off the main stem,114,
2019,8/10/19,Massachusetts,Appleton,10,Lythrum salicaria,purple loosestrife,spike,191,
2019,8/10/19,Massachusetts,Appleton,10,Persicaria sagittata,tearthumb,flower,382,
2019,8/10/19,Massachusetts,Appleton,10,Mentha arevensis,wild mint,inflorescence,57,
2019,8/10/19,Massachusetts,Appleton,10,Eutrochium dubium,eastern joe pye weed,inflorescence,1,
2019,8/10/19,Massachusetts,Appleton,8,Lythrum salicaria,purple loosestrife,spike,228,
2019,8/10/19,Massachusetts,Appleton,8,Solidago altissima,tall goldenrod,branch off the main stem,153,
2019,8/10/19,Massachusetts,Appleton,8,Persicaria sagittata,tearthumb,flower,57,
2019,8/10/19,Massachusetts,Appleton,7,Lythrum salicaria,purple loosestrife,spike,48,
2019,8/10/19,Massachusetts,Appleton,7,Persicaria sagittata,tearthumb,flower,30,
2019,8/10/19,Massachusetts,Appleton,7,Solidago altissima,tall goldenrod,branch off the main stem,161,
2019,8/10/19,Massachusetts,Appleton,7,NA,NA,NA,29,privet?
2019,8/10/19,Massachusetts,Appleton,6,Lythrum salicaria,purple loosestrife,spike,23,
2019,8/10/19,Massachusetts,Appleton,6,Vicia cracca,tufted vetch,raceme,4,
2019,8/10/19,Massachusetts,Appleton,6,Impatiens capensis,jewelweed,flower,2,
2019,8/10/19,Massachusetts,Appleton,5,Lythrum salicaria,purple loosestrife,spike,132,
2019,8/10/19,Massachusetts,Appleton,5,Persicaria sagittata,tearthumb,flower,22,
2019,8/10/19,Massachusetts,Appleton,5,Solidago altissima,tall goldenrod,branch off the main stem,107,
2019,8/10/19,Massachusetts,Appleton,5,Asclepias syriaca,common milkweed,head,1,
2019,8/10/19,Massachusetts,Appleton,5,Vicia cracca,tufted vetch,raceme,3,
2019,8/10/19,Massachusetts,Appleton,4,Impatiens capensis,jewelweed,flower,2,
2019,8/10/19,Massachusetts,Appleton,3,Lythrum salicaria,purple loosestrife,spike,85,
2019,8/10/19,Massachusetts,Appleton,3,Eutrochium dubium,eastern joe pye weed,inflorescence,245,
2019,8/10/19,Massachusetts,Appleton,3,Solidago altissima,tall goldenrod,branch off the main stem,14,
2019,8/10/19,Massachusetts,Appleton,3,Mentha arevensis,wild mint,inflorescence,9,
2019,8/10/19,Massachusetts,Appleton,2,Euthamia graminifolia,lance leaved goldenrod,branch off the main stem,49,
2019,8/10/19,Massachusetts,Appleton,2,Lythrum salicaria,purple loosestrife,spike,54,
2019,8/10/19,Massachusetts,Appleton,2,Vicia cracca,tufted vetch,raceme,2,
2019,8/10/19,Massachusetts,Appleton,2,Solidago altissima,tall goldenrod,branch off the main stem,34,
2019,8/10/19,Massachusetts,Appleton,2,Persicaria sagittata,tearthumb,flower,9,
2019,8/10/19,Massachusetts,Appleton2,11,Daucus carota,queen annes lace,head,8,
2019,8/10/19,Massachusetts,Appleton2,11,Vicia cracca,tufted vetch,raceme,11,
2019,8/10/19,Massachusetts,Appleton2,11,Hypericum perforatum,common st johns wort,flower,8,
2019,8/10/19,Massachusetts,Appleton2,11,Galium mollugo,hedge bedstraw,branch off the main stem,53,
2019,8/10/19,Massachusetts,Appleton2,11,Lathyrus pratensis,meadow vetchling,NA,22,